run,type,module,name,attrname,attrvalue,value,vectime,vecvalue
General-0-20220622-00:09:21-27340,runattr,,,configname,General,,,
General-0-20220622-00:09:21-27340,runattr,,,datetime,20220622-00:09:21,,,
General-0-20220622-00:09:21-27340,runattr,,,experiment,General,,,
General-0-20220622-00:09:21-27340,runattr,,,inifile,omnetpp.ini,,,
General-0-20220622-00:09:21-27340,runattr,,,iterationvars,,,,
General-0-20220622-00:09:21-27340,runattr,,,iterationvarsf,,,,
General-0-20220622-00:09:21-27340,runattr,,,measurement,,,,
General-0-20220622-00:09:21-27340,runattr,,,network,Network,,,
General-0-20220622-00:09:21-27340,runattr,,,processid,27340,,,
General-0-20220622-00:09:21-27340,runattr,,,repetition,0,,,
General-0-20220622-00:09:21-27340,runattr,,,replication,#0,,,
General-0-20220622-00:09:21-27340,runattr,,,resultdir,results,,,
General-0-20220622-00:09:21-27340,runattr,,,runnumber,0,,,
General-0-20220622-00:09:21-27340,runattr,,,seedset,0,,,
General-0-20220622-00:09:21-27340,param,,,Network.**.app.amountHosts,8,,,
General-0-20220622-00:09:21-27340,param,,,"Network.node[{0,","1,",,,
General-0-20220622-00:09:21-27340,param,,,"Network.node[{0,","1,",,,
General-0-20220622-00:09:21-27340,param,,,"Network.node[{0,","1,",,,
General-0-20220622-00:09:21-27340,vector,Network.node[0].app,Delay,,,,"0","0"
General-0-20220622-00:09:21-27340,vector,Network.node[0].app,Hops,,,,"0","0"
General-0-20220622-00:09:21-27340,vector,Network.node[0].lnk[0],Buffer Size,,,,"0 0 0 0.002848 0.002848 1.797120776968 1.797120776968 2.433833058652 2.797120776968 3.732725755154 3.797120776968 4.719308424149 4.797120776968 5.23807398178 5.797120776968 8.063730824799 8.063730824799 8.85481251033 9.063730824799 14.364070682151 14.364070682151 15.364070682151 15.364070682151 16.364070682151 16.364070682151 16.545256248614 16.957662812675 17.364070682151 17.364070682151 17.445759794148 17.736315848732 17.774252987134 18.364070682151 18.364070682151 18.557794608487 19.060678472637 19.364070682151 19.364070682151 20.037792571253 20.364070682151 20.364070682151 21.23328472489 21.364070682151 21.573995270249 22.364070682151 23.364070682151 23.472984437242 23.625500323804 24.364070682151 25.364070682151 25.590652700217 25.846695215178 26.364070682151 26.590652700217 27.364070682151 27.535550802233 27.590652700217 28.004153839784 28.355980930635 28.364070682151 29.364070682151 29.39340688824 30.364070682151 31.364070682151 31.510892318428 32.364070682151 32.798454321633 33.364070682151 34.364070682151 35.0447909247 35.364070682151 36.364070682151 37.364070682151 38.364070682151 38.485454240133 39.076181631121 39.364070682151 40.364070682151 41.364070682151 42.364070682151 42.696096841717 43.364070682151 44.364070682151 45.364070682151 46.364070682151 46.600036200129 47.364070682151 50.479237087408 50.479237087408 50.606517245143 51.479237087408 51.479237087408 52.479237087408 53.126384865361 53.479237087408 54.89264294928 54.89264294928 54.941012817609 55.89264294928 55.941012817609 56.89264294928 57.550158696781 57.89264294928 58.297491916571 58.89264294928 59.24860031991 59.89264294928 60.433848374814 60.89264294928 62.824959068293 62.824959068293 63.824959068293 63.824959068293 64.180768134528 64.824959068293 64.824959068293 65.824959068293 66.431332168215 66.824959068293 67.139897038657 67.824959068293 68.207054989088 68.824959068293 69.498662905946 69.824959068293 70.362724757361 70.824959068293 70.890261827747 71.824959068293 71.894883424269 72.227530518174 72.824959068293 72.906859983339 73.183092840914 73.824959068293 74.824959068293 75.341733238225 75.672818396413 75.824959068293 76.341733238225 76.824959068293 77.341733238225 77.824959068293 78.341733238225 78.824959068293 79.341733238225 79.824959068293 80.824959068293 81.824959068293 82.617889354978 82.824959068293 82.851659270663 83.824959068293 83.851659270663 84.824959068293 84.851659270663 85.824959068293 86.297354925133 86.561722344362 86.824959068293 87.824959068293 88.744445335477 88.824959068293 89.581369255581 89.648942826685 89.792293595311 89.80445109175 89.824959068293 90.80445109175 90.824959068293 91.80445109175 91.824959068293 92.80445109175 92.824959068293 93.80445109175 93.824959068293 94.824959068293 95.824959068293 96.215688881913 96.824959068293 97.824959068293 97.89198727292 98.338265689122 98.824959068293 98.834285609959 99.583460377079 99.824959068293 99.834285609959 100.824959068293 100.834285609959 101.824959068293 102.021053983766 102.124419795357 102.824959068293 103.824959068293 103.846267068718 104.468202678658 104.824959068293 105.433692590689 105.824959068293 106.741395669172 106.824959068293 107.337352005773 107.824959068293 108.824959068293 109.824959068293 109.956922748496 110.824959068293 110.956922748496 111.824959068293 112.824959068293 113.41726433688 113.824959068293 114.164603925669 114.824959068293 116.087483068811 116.087483068811 116.206123079131 117.087483068811 117.770074520882 118.087483068811 118.811346517422 119.072535984717 119.087483068811 120.087483068811 120.61077558691 121.087483068811 121.878635625698 122.087483068811 123.35102654899 123.35102654899 125.426726699968 125.426726699968 126.616471967372 126.616471967372 126.893462046304 127.616471967372 128.0018037044 128.599480553166 128.616471967372 129.616471967372 130.279919005746 130.616471967372 132.931007914915 132.931007914915 133.389244881364 133.931007914915 133.931007914915 134.66562209255 134.931007914915 135.602975044504 135.931007914915 136.086814334046 136.737246369999 136.931007914915 137.931007914915 138.931007914915 139.725046036619 139.931007914915 140.725046036619 140.725324772553 140.931007914915 141.038276313322 141.304957559867 141.725046036619 141.931007914915 142.725046036619 142.931007914915 143.725046036619 143.931007914915 144.725046036619 144.931007914915 145.725046036619 145.931007914915 146.931007914915 146.946229456697 146.97936164554 147.931007914915 148.195935422387 148.931007914915 149.931007914915 150.931007914915 151.775914631349 151.931007914915 152.284478676581 152.775914631349 152.931007914915 153.109938410035 153.602770054461 153.775914631349 153.931007914915 154.8173286317 154.931007914915 155.931007914915 156.17293263581 156.931007914915 157.420827297086 157.931007914915 158.931007914915 159.931007914915 159.935301288227 160.931007914915 161.846213022561 161.92622857496 161.931007914915 162.699284646634 162.92622857496 162.931007914915 163.931007914915 164.282444861328 164.931007914915 165.282444861328 165.931007914915 166.664782455841 166.931007914915 167.292778251968 167.635250909951 167.931007914915 168.349712708572 168.635250909951 168.931007914915 169.056905859098 169.31406633365 169.683737728503 169.931007914915 170.683737728503 170.931007914915 171.683737728503 171.931007914915 172.683737728503 172.931007914915 173.683737728503 173.931007914915 174.931007914915 175.931007914915 176.931007914915 177.209332868768 177.931007914915 177.996337691013 178.024430873498 178.047417373915 178.931007914915 179.078803441186 179.572264742345 179.931007914915 180.149290163041 180.931007914915 181.931007914915 182.023211757173 182.931007914915 183.023211757173 183.475221724389 183.931007914915 184.023211757173 184.428178889585 184.710114658415 184.931007914915 185.428037295168 185.931007914915 186.035980413626 186.931007914915 187.254109324273 187.257288531805 187.931007914915 188.390450291758 188.931007914915 189.556771307305 189.931007914915 190.556771307305 190.931007914915 191.497941295822 191.931007914915 192.061853846388 192.434154202292 192.720660245056 192.931007914915 193.061853846388 193.159596566844 193.931007914915 194.434025299019 194.931007914915 195.931007914915 196.180519769292 196.931007914915 196.9458122677 197.520983522444 197.931007914915 197.9458122677 198.810800504776 198.931007914915 198.9458122677 199.931007914915 199.9458122677","0 1 0 1 0 1 0 1 0 1 0 1 0 1 0 1 0 1 0 1 0 1 0 1 0 1 2 1 2 3 4 5 4 5 6 7 6 7 8 7 8 9 8 9 8 7 8 9 8 7 8 9 8 9 8 9 10 11 12 11 10 11 10 9 10 9 10 9 8 9 8 7 6 5 6 7 6 5 4 3 4 3 2 1 0 1 0 1 0 1 0 1 0 1 0 1 0 1 0 1 0 1 0 1 0 1 0 1 0 1 0 1 0 1 0 1 0 1 0 1 0 1 0 1 0 1 0 1 0 1 2 1 2 3 2 1 2 3 2 3 2 3 2 3 2 3 2 1 0 1 0 1 0 1 0 1 0 1 2 1 0 1 0 1 2 3 4 3 4 3 4 3 4 3 4 3 2 1 2 1 0 1 2 1 2 3 2 3 2 3 2 3 4 3 2 3 4 3 4 3 4 3 4 3 2 1 2 1 2 1 0 1 0 1 0 1 0 1 0 1 0 1 2 1 0 1 0 1 0 1 0 1 0 1 0 1 0 1 2 1 0 1 0 1 0 1 0 1 2 1 2 1 2 3 2 1 0 1 0 1 2 1 2 3 4 3 4 3 4 3 4 3 4 3 2 3 4 3 4 3 2 1 2 1 2 3 2 3 4 5 4 5 4 3 4 3 4 3 2 1 2 1 2 3 2 3 4 3 2 3 2 3 2 3 2 3 4 3 4 5 4 5 6 7 6 7 6 7 6 7 6 7 6 5 4 3 4 3 4 5 6 5 6 7 6 7 6 5 6 5 6 7 6 7 8 9 8 9 8 9 8 9 10 9 10 9 10 9 10 9 10 9 10 11 12 11 12 13 12 13 12 11 12 11 12 13 12 13 14 13 14 13 14"
General-0-20220622-00:09:21-27340,vector,Network.node[0].lnk[1],Buffer Size,,,,"0 0.002848 0.002848","0 1 0"
General-0-20220622-00:09:21-27340,vector,Network.node[1].app,Delay,,,,"0","0"
General-0-20220622-00:09:21-27340,vector,Network.node[1].app,Hops,,,,"0","0"
General-0-20220622-00:09:21-27340,vector,Network.node[1].lnk[0],Buffer Size,,,,"0 0.002492 0.002492 3.719208424149 3.719208424149 7.063630824799 7.063630824799 13.363970682151 13.363970682151 13.615719501027 13.925178862027 14.363970682151 15.363970682151 15.466848178962 15.690740500227 16.363970682151 16.974129904289 17.363970682151 18.363970682151 18.654799315513 19.363970682151 20.573895270249 20.573895270249 22.472884437242 22.472884437242 24.590552700217 24.590552700217 25.477360757458 25.590552700217 26.381564877907 26.590552700217 28.39330688824 28.39330688824 30.510792318428 30.510792318428 31.798354321633 31.798354321633 34.0446909247 34.0446909247 37.485354240133 37.485354240133 41.695996841717 41.695996841717 49.479137087408 49.479137087408 50.246257515605 50.479137087408 53.940912817609 53.940912817609 54.864374609698 54.940912817609 57.297391916571 57.297391916571 61.824859068293 61.824859068293 62.071912363017 62.777952629565 62.824859068293 63.824859068293 66.139797038657 66.139797038657 68.498562905946 68.498562905946 69.890161827747 69.890161827747 70.894783424269 70.894783424269 72.182992840914 72.182992840914 74.341633238225 74.341633238225 74.558727435215 74.752572944369 75.341633238225 76.341633238225 76.54003110098 77.314291285278 77.341633238225 78.341633238225 81.851559270663 81.851559270663 82.720250582551 82.851559270663 83.043990755976 83.851559270663 87.744345335477 87.744345335477 88.80435109175 88.80435109175 89.105933112138 89.80435109175 90.151673172315 90.80435109175 91.086218305135 91.190043409501 91.80435109175 92.80435109175 95.215588881913 95.215588881913 97.834185609959 97.834185609959 98.662143455304 98.834185609959 99.169154865591 99.834185609959 104.433592590689 104.433592590689 106.337252005773 106.337252005773 108.956822748496 108.956822748496 109.427871895333 109.956822748496 115.206023079131 115.206023079131 116.769974520882 116.769974520882 118.072435984717 118.072435984717 119.61067558691 119.61067558691 120.878535625698 120.878535625698 125.616371967372 125.616371967372 127.599380553166 127.599380553166 131.930907914915 131.930907914915 132.410754953788 132.930907914915 138.724946036619 138.724946036619 139.109468918303 139.724946036619 140.118028784806 140.522946312202 140.724946036619 140.981434962616 141.724946036619 142.320516144338 142.514851501072 142.724946036619 143.724946036619 144.724946036619 147.195835422387 147.195835422387 150.775814631349 150.775814631349 150.907998652736 151.775814631349 152.237614151839 152.775814631349 156.420727297086 156.420727297086 158.935201288227 158.935201288227 160.92612857496 160.92612857496 161.358321008148 161.92612857496 163.282344861328 163.282344861328 163.603013050301 164.282344861328 166.635150909951 166.635150909951 166.643263552593 167.635150909951 168.683637728503 168.683637728503 169.104704304911 169.612727061611 169.683637728503 169.818663789049 170.683637728503 170.860821431218 171.683637728503 172.683637728503 178.078703441186 178.078703441186 181.023111757173 181.023111757173 181.586159802115 182.023111757173 182.717948885385 183.023111757173 186.257188531805 186.257188531805 188.556671307305 188.556671307305 188.673727105198 189.556671307305 191.061753846388 191.061753846388 191.662404006959 192.061753846388 193.433925299019 193.433925299019 195.9457122677 195.9457122677 196.678614851365 196.9457122677 197.749423553552 197.821429213051 197.9457122677 198.9457122677","0 1 0 1 0 1 0 1 0 1 2 1 0 1 2 1 2 1 0 1 0 1 0 1 0 1 0 1 0 1 0 1 0 1 0 1 0 1 0 1 0 1 0 1 0 1 0 1 0 1 0 1 0 1 0 1 2 1 0 1 0 1 0 1 0 1 0 1 0 1 0 1 2 1 0 1 2 1 0 1 0 1 0 1 0 1 0 1 0 1 0 1 0 1 2 1 0 1 0 1 0 1 0 1 0 1 0 1 0 1 0 1 0 1 0 1 0 1 0 1 0 1 0 1 0 1 0 1 0 1 0 1 0 1 0 1 2 1 2 1 2 3 2 1 0 1 0 1 0 1 0 1 0 1 0 1 0 1 0 1 0 1 0 1 0 1 0 1 0 1 0 1 2 1 2 1 2 1 0 1 0 1 0 1 0 1 0 1 0 1 0 1 0 1 0 1 0 1 0 1 0 1 0 1 2 1 0"
General-0-20220622-00:09:21-27340,vector,Network.node[1].lnk[1],Buffer Size,,,,"0 0.003204 0.003204","0 1 0"
General-0-20220622-00:09:21-27340,vector,Network.node[2].app,Delay,,,,"0","0"
General-0-20220622-00:09:21-27340,vector,Network.node[2].app,Hops,,,,"0","0"
General-0-20220622-00:09:21-27340,vector,Network.node[2].lnk[0],Buffer Size,,,,"0 0.002136 0.002136","0 1 0"
General-0-20220622-00:09:21-27340,vector,Network.node[2].lnk[1],Buffer Size,,,,"0 0.00356 0.00356 3.903090671769 3.903090671769 5.581956377569 5.581956377569 5.729327088499 6.552483080984 6.581956377569 7.581956377569 10.127458407861 10.127458407861 11.410876753217 11.410876753217 12.64873567247 12.64873567247 14.92061355589 14.92061355589 20.709454511864 20.709454511864 21.858519325346 21.858519325346 22.067641776896 22.191872357829 22.858519325346 23.858519325346 29.192299726738 29.192299726738 30.936131433989 30.936131433989 32.88985958213 32.88985958213 35.903130248675 35.903130248675 38.142758980183 38.142758980183 39.407432172975 39.407432172975 41.264389166778 41.264389166778 41.929209648705 42.185323179327 42.264389166778 42.88767535809 43.140452630941 43.264389166778 43.905854528665 44.264389166778 44.975623280179 45.264389166778 46.264389166778 46.641310312311 47.258139992507 47.264389166778 48.264389166778 49.264389166778 52.229304706461 52.229304706461 52.912613040513 53.229304706461 53.317313917647 53.357938835238 53.718443339208 54.229304706461 55.229304706461 56.229304706461 57.249925484034 57.249925484034 59.043107225606 59.043107225606 65.147670539375 65.147670539375 66.888742192028 66.888742192028 69.472560729629 69.472560729629 69.99667521298 70.472560729629 71.099467193248 71.138226755944 71.472560729629 72.408482187206 72.472560729629 73.093681436602 73.472560729629 74.21360357675 74.472560729629 74.504751533646 75.213199798137 75.472560729629 76.472560729629 76.818303769654 77.472560729629 77.947524771896 78.472560729629 79.472560729629 86.223144292917 86.223144292917 88.135077140762 88.135077140762 89.818839064226 89.818839064226 92.20971619679 92.20971619679 92.243251728774 93.20971619679 96.116406203756 96.116406203756 96.945631289074 97.116406203756 98.290552322741 98.290552322741 98.327943263583 99.290552322741 101.484768707795 101.484768707795 104.54643116033 104.54643116033 106.080590469475 106.080590469475 108.859944597026 108.859944597026 109.337450342722 109.749514439688 109.859944597026 110.859944597026 112.440209306156 112.440209306156 112.559771231987 113.440209306156 113.6995663626 114.440209306156 116.08328256991 116.08328256991 116.222517912057 117.08328256991 118.497594923138 118.497594923138 120.365715588349 120.365715588349 121.583381415823 121.583381415823 121.625115853043 122.145818676137 122.583381415823 122.917194064227 123.583381415823 124.583381415823 127.612881587086 127.612881587086 128.023577124557 128.612881587086 134.129946463744 134.129946463744 134.463695746209 135.129946463744 135.569372487513 136.129946463744 136.815031107043 137.129946463744 139.564391014647 139.564391014647 140.808464852809 140.808464852809 141.169013451966 141.808464852809 142.047924232952 142.808464852809 144.809850424286 144.809850424286 144.903225911575 145.809850424286 151.440218713221 151.440218713221 153.177350176153 153.177350176153 159.695192130522 159.695192130522 163.842715056722 163.842715056722 171.858614366471 171.858614366471 178.338540300273 178.338540300273 179.065024738077 179.338540300273 179.382891097389 180.338540300273 183.671662026416 183.671662026416 183.874730194299 184.505050251731 184.671662026416 185.671662026416 186.297708661772 186.671662026416 187.464556203843 187.671662026416 188.420392178865 188.601066667028 188.671662026416 189.671662026416 190.758920484027 190.758920484027 193.763746071449 193.763746071449 195.113648018755 195.113648018755 196.57673869702 196.57673869702 198.30007368061 198.30007368061 199.425724084244 199.425724084244","0 1 0 1 0 1 0 1 2 1 0 1 0 1 0 1 0 1 0 1 0 1 0 1 2 1 0 1 0 1 0 1 0 1 0 1 0 1 0 1 0 1 2 1 2 3 2 3 2 3 2 1 2 3 2 1 0 1 0 1 0 1 2 3 2 1 0 1 0 1 0 1 0 1 0 1 0 1 0 1 2 1 2 1 2 1 2 1 2 3 2 1 2 1 2 1 0 1 0 1 0 1 0 1 0 1 0 1 0 1 0 1 0 1 0 1 0 1 0 1 0 1 0 1 2 1 0 1 0 1 0 1 0 1 0 1 0 1 0 1 0 1 0 1 2 1 2 1 0 1 0 1 0 1 0 1 0 1 0 1 0 1 0 1 0 1 0 1 0 1 0 1 0 1 0 1 0 1 0 1 0 1 0 1 0 1 0 1 0 1 0 1 2 1 0 1 0 1 0 1 2 1 0 1 0 1 0 1 0 1 0 1 0 1 0"
General-0-20220622-00:09:21-27340,vector,Network.node[3].app,Delay,,,,"0","0"
General-0-20220622-00:09:21-27340,vector,Network.node[3].app,Hops,,,,"0","0"
General-0-20220622-00:09:21-27340,vector,Network.node[3].lnk[0],Buffer Size,,,,"0 0.00178 0.00178","0 1 0"
General-0-20220622-00:09:21-27340,vector,Network.node[3].lnk[1],Buffer Size,,,,"0 0.003916 0.003916 3.757928108405 3.757928108405 4.903190671769 4.903190671769 5.065693242847 5.903190671769 6.063437260879 6.582056377569 6.903190671769 7.582056377569 7.903190671769 8.152662277495 8.582056377569 8.903190671769 9.903190671769 10.903190671769 11.127558407861 11.903190671769 12.234446709318 12.410976753217 12.903190671769 13.64883567247 13.903190671769 14.903190671769 15.267518657298 15.903190671769 15.92071355589 16.903190671769 18.110248017485 18.110248017485 18.434520996377 19.110248017485 20.328514350727 20.328514350727 21.219551340829 21.328514350727 21.709554511864 22.328514350727 22.858619325346 23.328514350727 23.858619325346 24.328514350727 24.858619325346 25.328514350727 25.872253464218 25.950619777044 26.328514350727 27.105268398657 27.320538614969 27.328514350727 28.328514350727 29.328514350727 29.436191441673 30.020352508207 30.192399726738 30.328514350727 31.276235670189 31.328514350727 31.622490582481 31.856401402066 31.936231433989 32.328514350727 33.328514350727 33.88995958213 33.992545796365 34.328514350727 35.328514350727 36.165084558122 36.328514350727 36.36715410874 36.903230248675 37.328514350727 38.328514350727 39.142858980183 39.328514350727 40.328514350727 40.407532172975 41.328514350727 42.264489166778 42.328514350727 43.264489166778 43.328514350727 43.514330853429 44.264489166778 44.328514350727 45.264489166778 45.328514350727 46.264489166778 46.328514350727 47.264489166778 47.328514350727 47.762805247432 47.960105864269 48.264489166778 48.328514350727 49.264489166778 49.328514350727 50.264489166778 50.328514350727 51.328514350727 52.328514350727 53.040714880186 53.229404706461 53.328514350727 54.055115126699 54.064528207684 54.229404706461 54.328514350727 54.381211220145 55.229404706461 55.328514350727 56.067377284442 56.229404706461 56.328514350727 57.203185591403 57.229404706461 57.328514350727 58.211873204579 58.250025484034 58.328514350727 59.328514350727 60.043207225606 60.249190664617 60.328514350727 61.328514350727 61.441949453276 62.328514350727 63.328514350727 64.328514350727 65.328514350727 66.147770539375 66.328514350727 67.328514350727 67.888842192028 68.328514350727 69.127962619763 69.328514350727 70.328514350727 70.472660729629 71.328514350727 71.472660729629 72.328514350727 72.472660729629 73.328514350727 73.472660729629 74.328514350727 74.472660729629 75.328514350727 75.378899335079 75.472660729629 76.328514350727 76.472660729629 77.087058806365 77.328514350727 77.472660729629 77.58722179632 77.891809046829 78.328514350727 78.472660729629 79.036732149686 79.328514350727 79.472660729629 80.328514350727 80.472660729629 81.328514350727 81.470771140361 81.681996427619 81.89176009882 82.328514350727 83.328514350727 84.328514350727 84.396975148643 84.473540974413 84.828192124703 85.328514350727 86.248027979151 86.328514350727 86.613105182916 87.223244292917 87.328514350727 88.328514350727 89.135177140762 89.328514350727 90.328514350727 90.380962956088 90.818939064226 91.328514350727 91.589561099783 92.328514350727 92.499384789366 93.024043407698 93.047609871535 93.20981619679 93.328514350727 94.20981619679 94.328514350727 95.328514350727 95.943198035512 96.31978798595 96.328514350727 97.116506203756 97.328514350727 97.792050185923 97.9037902917 98.116506203756 98.299449306618 98.328514350727 98.674487209023 99.290652322741 99.328514350727 100.290652322741 100.328514350727 101.328514350727 102.328514350727 102.484868707795 102.826549329909 103.328514350727 104.328514350727 105.228491142993 105.328514350727 105.54653116033 106.328514350727 107.011248296813 107.080690469475 107.328514350727 107.759021288619 108.328514350727 109.328514350727 109.374981395418 109.860044597026 109.868699933016 110.328514350727 110.860044597026 111.217189072288 111.328514350727 111.733214600168 111.860044597026 112.320229904015 112.328514350727 112.498538484005 112.614683208237 113.328514350727 113.440309306156 113.952910655617 114.328514350727 114.440309306156 114.901743236283 115.297678706951 115.328514350727 115.347655413577 115.440309306156 116.328514350727 117.08338256991 117.328514350727 118.08338256991 118.328514350727 119.204375687337 119.328514350727 119.497694923138 120.328514350727 121.328514350727 121.365815588349 122.328514350727 122.583481415823 123.328514350727 123.583481415823 124.328514350727 124.583481415823 125.328514350727 125.583481415823 126.328514350727 127.328514350727 128.328514350727 128.483680740084 128.612981587086 129.328514350727 129.612981587086 129.701769965502 130.328514350727 131.022776125 131.328514350727 132.328514350727 133.328514350727 133.647792110931 133.699787601317 134.328514350727 135.130046463744 135.328514350727 136.130046463744 136.186489157214 136.328514350727 136.599205144424 137.130046463744 137.328514350727 138.130046463744 138.328514350727 139.328514350727 139.895357490746 140.328514350727 140.564491014647 141.328514350727 141.808564852809 142.328514350727 142.808564852809 143.328514350727 143.565884296625 143.808564852809 144.05628048191 144.328514350727 145.328514350727 145.663064007244 145.809950424286 146.132375705757 146.328514350727 146.808685135446 146.809950424286 147.020059483655 147.038625532411 147.328514350727 148.328514350727 149.255445040839 149.328514350727 150.328514350727 151.328514350727 151.686825987556 152.328514350727 152.440318713221 153.328514350727 154.177450176153 154.328514350727 154.784849345866 155.328514350727 156.328514350727 157.328514350727 158.328514350727 159.328514350727 160.328514350727 160.695292130522 160.749250696811 161.328514350727 162.328514350727 163.328514350727 164.328514350727 164.472113982775 164.842815056722 165.328514350727 165.773708667493 166.328514350727 167.149595624415 167.328514350727 168.069178259967 168.328514350727 169.328514350727 170.328514350727 171.328514350727 171.522445019451 172.328514350727 172.364431615549 172.858714366471 173.328514350727 174.328514350727 175.328514350727 176.328514350727 177.105206776777 177.328514350727 178.328514350727 179.328514350727 179.338640300273 180.328514350727 180.338640300273 181.328514350727 181.338640300273 182.318350381419 182.328514350727 183.328514350727 183.948387043212 184.328514350727 184.540190789708 184.654123854642 184.671762026416 185.328514350727 185.671762026416 185.948473262728 186.328514350727 186.671762026416 187.175351441912 187.328514350727 187.671762026416 187.842158118663 188.241869194504 188.328514350727 188.671762026416 189.328514350727 189.665885325753 189.671762026416 190.328514350727 190.671762026416 191.328514350727 191.759020484027 192.328514350727 193.328514350727 193.424122194173 193.515398293164 194.328514350727 194.763846071449 195.328514350727 196.113748018755 196.328514350727 196.732233991336 197.328514350727 197.57683869702 198.328514350727 199.30017368061 199.328514350727","0 1 0 1 0 1 0 1 0 1 2 1 2 1 2 3 2 1 0 1 0 1 2 1 2 1 0 1 0 1 0 1 0 1 0 1 0 1 0 1 0 1 0 1 0 1 0 1 2 1 2 3 2 1 0 1 2 3 2 3 2 3 4 5 4 3 4 5 4 3 4 3 4 5 4 3 4 3 2 3 2 3 2 3 2 3 4 3 4 3 4 3 4 3 4 5 6 5 6 5 6 5 4 3 4 5 4 5 6 7 6 7 8 7 8 9 8 9 10 9 10 11 10 9 10 11 10 9 10 9 8 7 6 7 6 5 6 5 6 5 4 5 4 5 4 5 4 5 4 5 4 5 6 5 6 7 6 7 8 9 8 9 10 9 10 9 10 9 10 11 12 11 10 9 10 11 12 11 12 11 12 13 12 11 12 11 10 11 12 11 12 11 12 13 14 15 14 15 14 13 14 15 14 15 14 15 16 17 18 17 18 19 18 19 18 17 16 17 18 17 16 17 16 17 16 17 18 17 18 17 16 17 18 19 18 19 20 19 20 21 22 21 22 23 22 23 24 23 24 25 26 25 26 27 26 27 26 27 26 27 26 27 26 25 26 25 26 25 26 25 26 25 26 25 24 23 24 25 24 25 26 25 26 25 24 23 24 25 24 25 24 25 26 25 26 27 26 27 26 25 26 25 26 25 26 25 26 25 26 27 28 27 26 27 28 29 28 29 30 31 32 31 30 31 30 29 28 29 28 29 28 29 28 29 28 27 26 25 24 23 24 25 24 23 22 21 22 23 22 23 22 23 22 23 22 21 20 19 20 19 20 21 20 19 18 17 18 17 16 15 16 15 16 15 16 17 16 15 16 15 16 17 18 17 18 19 18 19 20 19 20 21 22 21 22 21 22 23 22 23 22 23 22 21 22 23 22 23 22 23 22 23 22 23 22 23 22"
General-0-20220622-00:09:21-27340,vector,Network.node[4].app,Delay,,,,"0","0"
General-0-20220622-00:09:21-27340,vector,Network.node[4].app,Hops,,,,"0","0"
General-0-20220622-00:09:21-27340,vector,Network.node[4].lnk[0],Buffer Size,,,,"0 0.001424 0.001424 0.004272 0.004272","0 1 0 1 0"
General-0-20220622-00:09:21-27340,vector,Network.node[4].lnk[1],Buffer Size,,,,"0 1.954012852787 1.954012852787 2.921217062684 2.954012852787 4.758028108405 4.758028108405 5.903290671769 5.903290671769 6.05900929793 6.241331350179 6.282182526977 6.903290671769 6.903290671769 7.200678801487 7.903290671769 7.903290671769 8.903290671769 8.903290671769 9.903290671769 9.903290671769 10.212247318762 10.903290671769 10.903290671769 11.903290671769 11.903290671769 12.903290671769 12.903290671769 13.422726432885 13.903290671769 13.903290671769 14.903290671769 14.903290671769 15.903290671769 15.903290671769 15.973181837332 16.587742541637 16.903290671769 16.903290671769 17.903290671769 17.903290671769 18.903290671769 19.110348017485 19.56425219314 19.903290671769 20.110348017485 20.903290671769 21.328614350727 21.903290671769 22.328614350727 22.903290671769 23.328614350727 23.903290671769 24.222078941568 24.328614350727 24.596931073604 24.872988450461 24.903290671769 25.328614350727 25.903290671769 26.328614350727 26.903290671769 27.328614350727 27.651073830043 27.903290671769 28.328614350727 28.903290671769 29.328614350727 29.667112320883 29.903290671769 30.328614350727 30.73724167505 30.903290671769 31.297795692008 31.328614350727 31.903290671769 32.122798151853 32.328614350727 32.885909838601 32.903290671769 33.183334377105 33.328614350727 33.62109557012 33.903290671769 34.328614350727 34.541123485601 34.568452642463 34.772742405513 34.903290671769 35.328614350727 35.903290671769 36.328614350727 36.722946273826 36.903290671769 37.328614350727 37.903290671769 38.328614350727 38.903290671769 39.328614350727 39.903290671769 40.328614350727 40.903290671769 41.328614350727 41.903290671769 42.328614350727 42.903290671769 43.328614350727 43.903290671769 44.221009192995 44.328614350727 44.353603995959 44.842394892123 44.903290671769 45.328614350727 45.903290671769 46.328614350727 46.903290671769 47.200773946253 47.328614350727 47.903290671769 48.328614350727 48.682291847147 48.855832811826 48.903290671769 49.328614350727 49.903290671769 50.328614350727 50.903290671769 51.328614350727 51.903290671769 52.328614350727 52.903290671769 53.328614350727 53.903290671769 54.154344669179 54.328614350727 54.903290671769 55.328614350727 55.903290671769 56.328614350727 56.419612953124 56.903290671769 57.328614350727 57.903290671769 58.328614350727 58.903290671769 59.241661771713 59.328614350727 59.903290671769 60.328614350727 60.903290671769 61.328614350727 61.520877698779 61.903290671769 62.328614350727 62.903290671769 63.328614350727 63.903290671769 63.925354833272 64.328614350727 64.903290671769 64.935392328781 65.328614350727 65.510213280921 65.903290671769 66.328614350727 66.903290671769 67.328614350727 67.903290671769 68.328614350727 68.903290671769 69.328614350727 69.779874180887 69.903290671769 70.328614350727 70.903290671769 71.328614350727 71.845468202178 71.903290671769 72.328614350727 72.563322633918 72.903290671769 73.328614350727 73.530594007097 73.903290671769 74.328614350727 74.903290671769 75.328614350727 75.903290671769 76.328614350727 76.903290671769 77.328614350727 77.745489216998 77.903290671769 77.950130446703 78.328614350727 78.903290671769 79.328614350727 79.903290671769 80.328614350727 80.903290671769 81.328614350727 81.903290671769 82.328614350727 82.399959761154 82.903290671769 83.328614350727 83.903290671769 84.328614350727 84.903290671769 85.328614350727 85.903290671769 86.328614350727 86.903290671769 87.328614350727 87.903290671769 88.328614350727 88.903290671769 89.328614350727 89.903290671769 90.328614350727 90.903290671769 91.328614350727 91.903290671769 92.328614350727 92.903290671769 93.328614350727 93.903290671769 94.328614350727 94.903290671769 95.328614350727 95.903290671769 95.930740801028 96.328614350727 96.903290671769 97.328614350727 97.903290671769 98.328614350727 98.70332350507 98.903290671769 99.328614350727 99.550637707783 99.903290671769 100.328614350727 100.903290671769 101.328614350727 101.42491514323 101.489628752521 101.849543435625 101.903290671769 102.328614350727 102.903290671769 103.328614350727 103.792507751815 103.903290671769 104.328614350727 104.903290671769 105.328614350727 105.903290671769 106.328614350727 106.903290671769 107.328614350727 107.903290671769 108.328614350727 108.903290671769 109.235204263641 109.328614350727 109.738401489867 109.903290671769 110.328614350727 110.903290671769 111.328614350727 111.424359040696 111.903290671769 112.328614350727 112.903290671769 113.328614350727 113.706634846415 113.903290671769 114.328614350727 114.903290671769 115.328614350727 115.903290671769 116.328614350727 116.903290671769 117.328614350727 117.903290671769 118.328614350727 118.903290671769 119.328614350727 119.903290671769 120.328614350727 120.903290671769 121.200024074066 121.328614350727 121.811233877695 121.903290671769 122.328614350727 122.903290671769 123.328614350727 123.903290671769 124.328614350727 124.903290671769 125.328614350727 125.903290671769 126.078360452645 126.328614350727 126.825887040278 126.903290671769 127.328614350727 127.465036350024 127.903290671769 128.328614350727 128.903290671769 129.328614350727 129.903290671769 130.328614350727 130.664475233704 130.903290671769 131.185755492457 131.328614350727 131.903290671769 132.328614350727 132.903290671769 133.328614350727 133.903290671769 134.328614350727 134.903290671769 135.328614350727 135.431248800341 135.903290671769 136.328614350727 136.903290671769 137.328614350727 137.509660073504 137.903290671769 138.328614350727 138.903290671769 138.966707758973 139.328614350727 139.903290671769 140.328614350727 140.903290671769 141.328614350727 141.404706449336 141.466559032457 141.903290671769 142.328614350727 142.903290671769 143.328614350727 143.903290671769 144.215245061298 144.328614350727 144.903290671769 145.328614350727 145.903290671769 146.328614350727 146.846497577892 146.903290671769 146.976723307465 147.328614350727 147.903290671769 148.328614350727 148.599005351921 148.903290671769 149.328614350727 149.903290671769 150.328614350727 150.903290671769 151.328614350727 151.903290671769 152.328614350727 152.903290671769 153.328614350727 153.903290671769 154.328614350727 154.903290671769 155.328614350727 155.903290671769 156.328614350727 156.903290671769 156.910947543047 157.328614350727 157.903290671769 158.328614350727 158.903290671769 159.328614350727 159.903290671769 160.121865069183 160.328614350727 160.903290671769 161.328614350727 161.500734144879 161.903290671769 162.328614350727 162.903290671769 163.328614350727 163.903290671769 164.328614350727 164.469219110179 164.903290671769 165.328614350727 165.903290671769 166.328614350727 166.903290671769 167.328614350727 167.903290671769 168.328614350727 168.903290671769 169.328614350727 169.903290671769 170.328614350727 170.903290671769 171.328614350727 171.903290671769 172.328614350727 172.872937962674 172.903290671769 173.328614350727 173.903290671769 173.932861121218 174.328614350727 174.823159800031 174.903290671769 175.328614350727 175.633525564716 175.80268454824 175.903290671769 176.328614350727 176.521272358492 176.903290671769 177.328614350727 177.903290671769 178.328614350727 178.903290671769 179.328614350727 179.506536686877 179.672261232714 179.860010327279 179.903290671769 180.328614350727 180.903290671769 181.328614350727 181.903290671769 182.122767862488 182.328614350727 182.903290671769 183.214083292023 183.328614350727 183.903290671769 184.328614350727 184.903290671769 185.328614350727 185.903290671769 186.328614350727 186.903290671769 187.154198423208 187.328614350727 187.903290671769 188.328614350727 188.903290671769 189.328614350727 189.903290671769 190.328614350727 190.903290671769 190.983882938493 191.328614350727 191.903290671769 192.328614350727 192.903290671769 193.271264179666 193.328614350727 193.903290671769 194.328614350727 194.503102747234 194.663260459122 194.903290671769 195.328614350727 195.903290671769 195.931124712105 196.328614350727 196.903290671769 197.328614350727 197.903290671769 198.328614350727 198.903290671769 199.328614350727 199.903290671769","0 1 0 1 0 1 0 1 0 1 2 3 2 3 4 3 4 3 4 3 4 5 4 5 4 5 4 5 6 5 6 5 6 5 6 7 8 7 8 7 8 7 8 9 8 9 8 9 8 9 8 9 8 9 10 11 12 11 12 11 12 11 12 13 12 13 12 13 14 13 14 15 14 15 16 15 16 17 18 17 18 19 20 19 20 21 22 23 22 23 22 23 24 23 24 23 24 23 24 23 24 23 24 23 24 23 24 23 24 25 26 27 26 27 26 27 26 27 28 27 28 29 30 29 30 29 30 29 30 29 30 29 30 29 30 31 30 31 30 31 32 31 32 31 32 31 32 33 32 33 32 33 34 33 34 33 34 33 34 35 34 35 36 37 36 37 36 37 36 37 36 37 38 37 38 37 38 39 38 39 40 39 40 41 40 41 40 41 40 41 40 41 42 41 42 43 42 43 42 43 42 43 42 43 44 43 44 43 44 43 44 43 44 43 44 43 44 43 44 43 44 43 44 43 44 43 44 43 44 43 44 43 44 45 44 45 44 45 46 45 46 47 46 47 46 47 48 49 50 49 50 49 50 51 50 51 50 51 50 51 50 51 50 51 50 51 52 53 52 53 52 53 54 53 54 53 54 55 54 55 54 55 54 55 54 55 54 55 54 55 54 55 54 55 56 57 56 57 56 57 56 57 56 57 56 57 58 59 58 59 60 59 60 59 60 59 60 61 60 61 62 61 62 61 62 61 62 61 62 63 62 63 62 63 64 63 64 63 64 65 64 65 64 65 66 67 66 67 66 67 66 67 68 67 68 67 68 69 68 69 70 69 70 71 70 71 70 71 70 71 70 71 70 71 70 71 70 71 70 71 70 71 72 71 72 71 72 71 72 73 72 73 74 73 74 73 74 73 74 75 74 75 74 75 74 75 74 75 74 75 74 75 74 75 74 75 76 75 76 75 76 77 78 77 78 79 80 79 80 81 80 81 80 81 80 81 82 83 84 83 84 83 84 83 84 85 84 85 86 85 86 85 86 85 86 85 86 87 86 87 86 87 86 87 86 87 88 87 88 87 88 89 88 89 90 91 90 91 90 91 92 91 92 91 92 91 92 91"
General-0-20220622-00:09:21-27340,vector,Network.node[5].app,Delay,,,,"0 1.970356327443 2.954112852787 2.970356327443 3.954112852787 3.970356327443 4.970356327443 5.758128108405 5.970356327443 6.903390671769 6.970356327443 7.903390671769 7.970356327443 8.903390671769 8.970356327443 9.903390671769 9.970356327443 10.903390671769 10.970356327443 11.903390671769 11.970356327443 12.903390671769 12.970356327443 13.903390671769 13.970356327443 14.903390671769 14.970356327443 15.903390671769 15.970356327443 16.903390671769 16.970356327443 17.903390671769 17.970356327443 18.903390671769 18.970356327443 19.903390671769 19.970356327443 20.903390671769 20.970356327443 21.903390671769 21.970356327443 22.903390671769 22.970356327443 23.903390671769 23.970356327443 24.903390671769 24.970356327443 25.903390671769 25.970356327443 26.903390671769 26.970356327443 27.903390671769 27.970356327443 28.903390671769 28.970356327443 29.903390671769 29.970356327443 30.903390671769 30.970356327443 31.903390671769 31.970356327443 32.903390671769 32.970356327443 33.903390671769 33.970356327443 34.903390671769 34.970356327443 35.903390671769 35.970356327443 36.903390671769 36.970356327443 37.903390671769 37.970356327443 38.903390671769 38.970356327443 39.903390671769 39.970356327443 40.903390671769 40.970356327443 41.903390671769 41.970356327443 42.903390671769 42.970356327443 43.903390671769 43.970356327443 44.903390671769 44.970356327443 45.903390671769 45.970356327443 46.903390671769 46.970356327443 47.903390671769 47.970356327443 48.903390671769 48.970356327443 49.903390671769 49.970356327443 50.903390671769 50.970356327443 51.903390671769 51.970356327443 52.903390671769 52.970356327443 53.903390671769 53.970356327443 54.903390671769 54.970356327443 55.903390671769 55.970356327443 56.903390671769 56.970356327443 57.903390671769 57.970356327443 58.903390671769 58.970356327443 59.903390671769 59.970356327443 60.903390671769 60.970356327443 61.903390671769 61.970356327443 62.903390671769 62.970356327443 63.903390671769 63.970356327443 64.903390671769 64.970356327443 65.903390671769 65.970356327443 66.903390671769 66.970356327443 67.903390671769 67.970356327443 68.903390671769 68.970356327443 69.903390671769 69.970356327443 70.903390671769 70.970356327443 71.903390671769 71.970356327443 72.903390671769 72.970356327443 73.903390671769 73.970356327443 74.903390671769 74.970356327443 75.903390671769 75.970356327443 76.903390671769 76.970356327443 77.903390671769 77.970356327443 78.903390671769 78.970356327443 79.903390671769 79.970356327443 80.903390671769 80.970356327443 81.903390671769 81.970356327443 82.903390671769 82.970356327443 83.903390671769 83.970356327443 84.903390671769 84.970356327443 85.903390671769 85.970356327443 86.903390671769 86.970356327443 87.903390671769 87.970356327443 88.903390671769 88.970356327443 89.903390671769 89.970356327443 90.903390671769 90.970356327443 91.903390671769 91.970356327443 92.903390671769 92.970356327443 93.903390671769 93.970356327443 94.903390671769 94.970356327443 95.903390671769 95.970356327443 96.903390671769 96.970356327443 97.903390671769 97.970356327443 98.903390671769 98.970356327443 99.903390671769 99.970356327443 100.903390671769 100.970356327443 101.903390671769 101.970356327443 102.903390671769 102.970356327443 103.903390671769 103.970356327443 104.903390671769 104.970356327443 105.903390671769 105.970356327443 106.903390671769 106.970356327443 107.903390671769 107.970356327443 108.903390671769 108.970356327443 109.903390671769 109.970356327443 110.903390671769 110.970356327443 111.903390671769 111.970356327443 112.903390671769 112.970356327443 113.903390671769 113.970356327443 114.903390671769 114.970356327443 115.903390671769 115.970356327443 116.903390671769 116.970356327443 117.903390671769 117.970356327443 118.903390671769 118.970356327443 119.903390671769 119.970356327443 120.903390671769 120.970356327443 121.903390671769 121.970356327443 122.903390671769 122.970356327443 123.903390671769 123.970356327443 124.903390671769 124.970356327443 125.903390671769 125.970356327443 126.903390671769 126.970356327443 127.903390671769 127.970356327443 128.903390671769 128.970356327443 129.903390671769 129.970356327443 130.903390671769 130.970356327443 131.903390671769 131.970356327443 132.903390671769 132.970356327443 133.903390671769 133.970356327443 134.903390671769 134.970356327443 135.903390671769 135.970356327443 136.903390671769 136.970356327443 137.903390671769 137.970356327443 138.903390671769 138.970356327443 139.903390671769 139.970356327443 140.903390671769 140.970356327443 141.903390671769 141.970356327443 142.903390671769 142.970356327443 143.903390671769 143.970356327443 144.903390671769 144.970356327443 145.903390671769 145.970356327443 146.903390671769 146.970356327443 147.903390671769 147.970356327443 148.903390671769 148.970356327443 149.903390671769 149.970356327443 150.903390671769 150.970356327443 151.903390671769 151.970356327443 152.903390671769 152.970356327443 153.903390671769 153.970356327443 154.903390671769 154.970356327443 155.903390671769 155.970356327443 156.903390671769 156.970356327443 157.903390671769 157.970356327443 158.903390671769 158.970356327443 159.903390671769 159.970356327443 160.903390671769 160.970356327443 161.903390671769 161.970356327443 162.903390671769 162.970356327443 163.903390671769 163.970356327443 164.903390671769 164.970356327443 165.903390671769 165.970356327443 166.903390671769 166.970356327443 167.903390671769 167.970356327443 168.903390671769 168.970356327443 169.903390671769 169.970356327443 170.903390671769 170.970356327443 171.903390671769 171.970356327443 172.903390671769 172.970356327443 173.903390671769 173.970356327443 174.903390671769 174.970356327443 175.903390671769 175.970356327443 176.903390671769 176.970356327443 177.903390671769 177.970356327443 178.903390671769 178.970356327443 179.903390671769 179.970356327443 180.903390671769 180.970356327443 181.903390671769 181.970356327443 182.903390671769 182.970356327443 183.903390671769 183.970356327443 184.903390671769 184.970356327443 185.903390671769 185.970356327443 186.903390671769 186.970356327443 187.903390671769 187.970356327443 188.903390671769 188.970356327443 189.903390671769 189.970356327443 190.903390671769 190.970356327443 191.903390671769 191.970356327443 192.903390671769 192.970356327443 193.903390671769 193.970356327443 194.903390671769 194.970356327443 195.903390671769 195.970356327443 196.903390671769 196.970356327443 197.903390671769 197.970356327443 198.903390671769 198.970356327443 199.903390671769 199.970356327443","0 1.0001 1.0001 1.883330661814 1.032895790103 3.264038049168 3.173235550475 2.0002 3.536523268791 3.0003 3.237630572289 1.844381373839 2.816989205095 2.66205932159 1.253506101957 3.621208144792 6.251147903294 5.837697428922 2.951044394627 4.702711870282 6.732282345663 6.83995341089 5.906725502644 8.3214342942 5.115543817113 9.17406358327 4.620481033397 5.691143353007 3.870415878743 8.750728394274 3.400487036363 11.350907590785 4.392476883612 8.775932263908 3.357623287665 6.480664238884 4.647834493528 8.668943962451 4.286491847209 10.492513918552 8.606385645292 10.254654999299 9.354636826416 7.930208834437 7.172179910016 8.315648130132 5.615911477961 10.635872014471 12.045177465416 11.982777115879 8.95401506365 9.793142654284 11.425100078829 9.339138478629 12.012693514768 11.468869675392 10.031253185518 10.574876321042 5.860081435406 10.68383933094 16.503508148481 12.193936159905 15.524596533295 9.681311730201 6.987958315863 13.044871346423 12.740975276118 11.306459598165 18.234040478711 12.030402221308 19.196103340309 15.835748894873 22.279615827216 16.71151831394 14.543150341016 14.031137207551 15.070736928851 13.252316841726 22.412561718956 15.952770894725 8.602065031756 15.798122273112 17.312813000286 14.236278350886 24.909677854806 17.5828520568 18.526587885678 15.166148996719 28.996226423154 15.605594979761 26.93256375619 18.467199230096 29.31555701193 16.780592519916 9.627685248052 19.883038163562 10.513031395204 18.017480833168 29.737071602553 18.720056294664 11.313137621922 23.711090945031 12.27275736563 20.282295101649 13.192804767513 23.62715500158 34.396461057194 21.362267186168 14.027047989779 22.334938029306 34.497471890201 23.130648266256 15.136209065939 27.280900089288 35.344856003639 28.046989269703 15.824916497212 24.180444397943 36.379803627226 30.96725923778 26.617594193326 30.013531089639 37.123661112265 29.910844875404 38.492995569985 28.738306113647 37.43480552521 29.536236563029 16.817092931042 31.000260423094 40.588791449536 29.760631691586 18.166412099984 24.682381478774 19.147610598656 30.495958498794 30.977956354757 26.54978667581 42.966202487659 27.060995779646 19.945918778474 31.639001504991 44.614375396808 31.974181023064 33.552789168091 27.702616725516 46.577049439203 32.38905981834 45.459564009015 34.718067492442 21.2633538355 29.221098824622 34.864298623786 30.047557859943 47.17200200581 37.015715313679 45.925665402743 37.762938040828 43.48500208731 37.997536143104 36.530551570689 35.140585424337 43.894174696322 35.9432848075 21.71306748007 30.74904600259 37.858356506748 40.92776739159 44.274359485726 40.262080359458 40.370320127314 40.645250679262 22.799430362942 32.483777718645 40.435860632314 36.862675791583 24.047952678128 38.674085965308 40.720069350166 32.661728900056 41.437407923044 38.84827554507 43.491219240035 39.838862464085 43.3638390823 41.990777631256 42.353846614685 34.38251297299 42.73881116716 42.522179451624 46.724098811838 44.586076754122 25.319211772026 34.978035838497 45.843971462082 43.836013387327 45.129216367557 35.967998342988 26.394461660484 48.545451836531 46.499773045848 37.393177390848 26.706684715302 46.700205080366 49.077713378163 51.184947332561 48.819079569378 47.69151746719 49.247037624362 49.653465187735 28.594985497983 38.123516490882 28.991853671536 49.860283446163 55.029443509834 49.654200007152 55.105981717745 39.057922469591 30.451699952443 50.461441218493 53.530251688704 40.340068037851 31.263552955795 48.755720132394 56.420197630662 41.372796664672 56.025411702922 49.014648479741 58.672964410872 47.775428052006 57.721756007533 48.43082994214 57.536507952629 48.906715458789 32.224988695628 42.157901454771 56.582397905974 42.953260225066 59.14549725915 50.803923478521 57.520952912741 51.765163915825 60.898443964426 51.494908484563 33.221015704576 49.52449133669 60.789588192915 52.809709235167 63.192403697878 44.503430910615 33.660347296951 53.689787095019 61.539024159228 51.816331865404 34.767841655913 55.398639138123 61.261954120605 53.316168875449 64.830559288786 54.01158162494 63.763301338355 57.690190873632 62.738218578013 54.866658522083 65.471793421497 58.085086902115 64.607631570082 57.955865899873 35.998618151708 55.432619531408 64.809311447025 56.22139424415 68.080194499696 57.011630572949 37.182690097059 55.506415523126 69.075572903174 44.972649870741 37.796290557984 57.429849697356 67.291224412497 58.075198547066 39.252954417299 57.655362692618 71.742825809269 46.200067166699 69.417168384949 59.290285488853 70.348761548233 47.352752963986 74.063496344104 61.680246378852 75.787363486529 60.768313531007 71.230742777471 48.478475528539 75.628723089218 49.413761919248 72.314397009555 50.053847236144 76.29753793103 62.522427715681 78.411628892228 64.084551607543 40.494688641312 51.110882919954 80.217783383074 64.313829571986 79.430325226463 64.404005882403 75.032601853701 64.879347264071 80.656065042165 65.855780800234 41.237348452249 67.693674474979 76.765676618256 51.668186408128 42.028186015579 69.660138942995 79.352466972465 53.164989181902 81.11879705678 67.960192636257 81.250105744892 68.583602685819 43.519779475397 54.479031631073 44.224587409615 70.786984468013 83.926365571467 70.111340485846 80.713858984049 55.196755825354 82.67300140231 71.999600380069 45.383820498445 73.957759382695 84.408633983081 73.603941365151 46.59867444207 74.228903462746 85.226010991966 75.612838349028 83.420420781395 76.575447408186 85.388987071862 74.418621963974 47.042387768402 55.703366597703 85.330706525106 75.07684134186 88.321413500758 57.092156794074 47.716161201551 74.674899528776 90.178062732132 76.356959511439 49.130258284578 74.892142374956 93.166005235693 76.822800202294 50.377399581535 57.825030219124 94.864423215305 77.14436938315 50.916944251057 59.077503631491 95.818683155128 77.528409276351 52.451894214287 60.438354321745 96.884138022308 80.043446074743 97.780312917942 80.034690738753 52.829949477966 81.565940329047 95.75476744553 61.238915438065 54.579884298119 61.717635179312 93.910785341298 82.686201599481 96.078369054523 83.170176071601 55.332963299023 86.153876232081 97.632090638321 84.583160767754 55.666206817731 85.404852187764 100.13617071748 63.472141871428 99.386895950364 87.288707463532 101.30821287214"
General-0-20220622-00:09:21-27340,vector,Network.node[5].app,Hops,,,,"0 1.970356327443 2.954112852787 2.970356327443 3.954112852787 3.970356327443 4.970356327443 5.758128108405 5.970356327443 6.903390671769 6.970356327443 7.903390671769 7.970356327443 8.903390671769 8.970356327443 9.903390671769 9.970356327443 10.903390671769 10.970356327443 11.903390671769 11.970356327443 12.903390671769 12.970356327443 13.903390671769 13.970356327443 14.903390671769 14.970356327443 15.903390671769 15.970356327443 16.903390671769 16.970356327443 17.903390671769 17.970356327443 18.903390671769 18.970356327443 19.903390671769 19.970356327443 20.903390671769 20.970356327443 21.903390671769 21.970356327443 22.903390671769 22.970356327443 23.903390671769 23.970356327443 24.903390671769 24.970356327443 25.903390671769 25.970356327443 26.903390671769 26.970356327443 27.903390671769 27.970356327443 28.903390671769 28.970356327443 29.903390671769 29.970356327443 30.903390671769 30.970356327443 31.903390671769 31.970356327443 32.903390671769 32.970356327443 33.903390671769 33.970356327443 34.903390671769 34.970356327443 35.903390671769 35.970356327443 36.903390671769 36.970356327443 37.903390671769 37.970356327443 38.903390671769 38.970356327443 39.903390671769 39.970356327443 40.903390671769 40.970356327443 41.903390671769 41.970356327443 42.903390671769 42.970356327443 43.903390671769 43.970356327443 44.903390671769 44.970356327443 45.903390671769 45.970356327443 46.903390671769 46.970356327443 47.903390671769 47.970356327443 48.903390671769 48.970356327443 49.903390671769 49.970356327443 50.903390671769 50.970356327443 51.903390671769 51.970356327443 52.903390671769 52.970356327443 53.903390671769 53.970356327443 54.903390671769 54.970356327443 55.903390671769 55.970356327443 56.903390671769 56.970356327443 57.903390671769 57.970356327443 58.903390671769 58.970356327443 59.903390671769 59.970356327443 60.903390671769 60.970356327443 61.903390671769 61.970356327443 62.903390671769 62.970356327443 63.903390671769 63.970356327443 64.903390671769 64.970356327443 65.903390671769 65.970356327443 66.903390671769 66.970356327443 67.903390671769 67.970356327443 68.903390671769 68.970356327443 69.903390671769 69.970356327443 70.903390671769 70.970356327443 71.903390671769 71.970356327443 72.903390671769 72.970356327443 73.903390671769 73.970356327443 74.903390671769 74.970356327443 75.903390671769 75.970356327443 76.903390671769 76.970356327443 77.903390671769 77.970356327443 78.903390671769 78.970356327443 79.903390671769 79.970356327443 80.903390671769 80.970356327443 81.903390671769 81.970356327443 82.903390671769 82.970356327443 83.903390671769 83.970356327443 84.903390671769 84.970356327443 85.903390671769 85.970356327443 86.903390671769 86.970356327443 87.903390671769 87.970356327443 88.903390671769 88.970356327443 89.903390671769 89.970356327443 90.903390671769 90.970356327443 91.903390671769 91.970356327443 92.903390671769 92.970356327443 93.903390671769 93.970356327443 94.903390671769 94.970356327443 95.903390671769 95.970356327443 96.903390671769 96.970356327443 97.903390671769 97.970356327443 98.903390671769 98.970356327443 99.903390671769 99.970356327443 100.903390671769 100.970356327443 101.903390671769 101.970356327443 102.903390671769 102.970356327443 103.903390671769 103.970356327443 104.903390671769 104.970356327443 105.903390671769 105.970356327443 106.903390671769 106.970356327443 107.903390671769 107.970356327443 108.903390671769 108.970356327443 109.903390671769 109.970356327443 110.903390671769 110.970356327443 111.903390671769 111.970356327443 112.903390671769 112.970356327443 113.903390671769 113.970356327443 114.903390671769 114.970356327443 115.903390671769 115.970356327443 116.903390671769 116.970356327443 117.903390671769 117.970356327443 118.903390671769 118.970356327443 119.903390671769 119.970356327443 120.903390671769 120.970356327443 121.903390671769 121.970356327443 122.903390671769 122.970356327443 123.903390671769 123.970356327443 124.903390671769 124.970356327443 125.903390671769 125.970356327443 126.903390671769 126.970356327443 127.903390671769 127.970356327443 128.903390671769 128.970356327443 129.903390671769 129.970356327443 130.903390671769 130.970356327443 131.903390671769 131.970356327443 132.903390671769 132.970356327443 133.903390671769 133.970356327443 134.903390671769 134.970356327443 135.903390671769 135.970356327443 136.903390671769 136.970356327443 137.903390671769 137.970356327443 138.903390671769 138.970356327443 139.903390671769 139.970356327443 140.903390671769 140.970356327443 141.903390671769 141.970356327443 142.903390671769 142.970356327443 143.903390671769 143.970356327443 144.903390671769 144.970356327443 145.903390671769 145.970356327443 146.903390671769 146.970356327443 147.903390671769 147.970356327443 148.903390671769 148.970356327443 149.903390671769 149.970356327443 150.903390671769 150.970356327443 151.903390671769 151.970356327443 152.903390671769 152.970356327443 153.903390671769 153.970356327443 154.903390671769 154.970356327443 155.903390671769 155.970356327443 156.903390671769 156.970356327443 157.903390671769 157.970356327443 158.903390671769 158.970356327443 159.903390671769 159.970356327443 160.903390671769 160.970356327443 161.903390671769 161.970356327443 162.903390671769 162.970356327443 163.903390671769 163.970356327443 164.903390671769 164.970356327443 165.903390671769 165.970356327443 166.903390671769 166.970356327443 167.903390671769 167.970356327443 168.903390671769 168.970356327443 169.903390671769 169.970356327443 170.903390671769 170.970356327443 171.903390671769 171.970356327443 172.903390671769 172.970356327443 173.903390671769 173.970356327443 174.903390671769 174.970356327443 175.903390671769 175.970356327443 176.903390671769 176.970356327443 177.903390671769 177.970356327443 178.903390671769 178.970356327443 179.903390671769 179.970356327443 180.903390671769 180.970356327443 181.903390671769 181.970356327443 182.903390671769 182.970356327443 183.903390671769 183.970356327443 184.903390671769 184.970356327443 185.903390671769 185.970356327443 186.903390671769 186.970356327443 187.903390671769 187.970356327443 188.903390671769 188.970356327443 189.903390671769 189.970356327443 190.903390671769 190.970356327443 191.903390671769 191.970356327443 192.903390671769 192.970356327443 193.903390671769 193.970356327443 194.903390671769 194.970356327443 195.903390671769 195.970356327443 196.903390671769 196.970356327443 197.903390671769 197.970356327443 198.903390671769 198.970356327443 199.903390671769 199.970356327443","0 1 1 1 1 2 3 2 3 3 3 1 2 1 1 1 4 2 1 1 3 2 4 3 3 3 2 1 1 2 1 3 2 3 1 1 2 2 1 3 4 3 4 1 2 1 1 2 4 3 2 2 3 1 3 2 2 2 1 2 4 3 3 1 1 3 2 1 3 1 3 3 4 3 2 2 2 1 3 2 1 2 2 1 3 2 2 1 4 1 3 2 4 1 1 2 1 1 3 1 1 3 1 1 1 2 4 1 1 1 4 1 1 2 3 2 1 1 4 3 2 3 3 2 4 2 3 2 1 3 4 3 1 1 1 3 2 1 3 1 1 3 3 3 2 1 4 2 4 3 1 1 2 1 4 3 4 3 4 3 2 2 3 2 1 1 2 3 4 3 3 3 1 1 2 2 1 3 2 1 2 2 4 2 3 3 2 1 2 2 4 3 1 1 3 2 2 1 1 3 2 1 1 2 3 3 2 2 2 3 1 1 1 3 4 2 4 1 1 2 2 1 1 3 3 1 2 3 4 2 3 3 3 3 1 1 2 1 4 3 2 3 4 3 1 2 3 3 4 1 1 3 3 2 1 3 2 2 4 2 3 3 2 2 4 3 3 3 1 2 2 2 4 2 1 2 4 1 1 2 2 2 1 2 3 1 2 2 2 1 3 3 4 3 2 1 4 1 2 1 3 2 4 3 1 1 4 2 4 2 2 2 4 2 1 3 2 1 1 3 3 1 4 2 4 2 1 1 1 3 4 2 2 1 3 2 1 3 3 2 1 2 4 3 2 3 3 3 1 1 2 2 3 1 1 2 3 3 1 2 4 3 1 1 4 2 1 1 4 2 1 1 4 3 4 2 1 3 4 1 1 1 2 2 3 2 1 3 3 2 1 2 4 1 3 2 4"
General-0-20220622-00:09:21-27340,vector,Network.node[5].lnk[0],Buffer Size,,,,"0 0.001068 0.001068 0.003916 0.003916","0 1 0 1 0"
General-0-20220622-00:09:21-27340,vector,Network.node[5].lnk[1],Buffer Size,,,,"0","0"
General-0-20220622-00:09:21-27340,vector,Network.node[6].app,Delay,,,,"0","0"
General-0-20220622-00:09:21-27340,vector,Network.node[6].app,Hops,,,,"0","0"
General-0-20220622-00:09:21-27340,vector,Network.node[6].lnk[0],Buffer Size,,,,"0 0.000712 0.000712 0.00356 0.00356 0.970256327443 0.970256327443 1.087025665629 1.706418278275 1.970256327443 2.970256327443 3.797320776968 3.970256327443 4.797320776968 4.970256327443 5.797320776968 5.970256327443 6.797320776968 6.970256327443 7.716850225486 7.797320776968 7.970256327443 8.019311932816 8.797320776968 8.970256327443 9.970256327443 10.063930824799 10.970256327443 11.063930824799 11.970256327443 12.063930824799 12.0999404487 12.970256327443 13.56986929108 13.970256327443 14.577979443831 14.970256327443 15.612733039778 15.970256327443 16.322621833915 16.683864480234 16.970256327443 17.322621833915 17.970256327443 18.322621833915 18.970256327443 19.322621833915 19.354444849482 19.970256327443 20.322621833915 20.970256327443 21.322621833915 21.970256327443 22.322621833915 22.970256327443 23.322621833915 23.970256327443 24.322621833915 24.970256327443 25.110274892037 25.322621833915 25.970256327443 26.322621833915 26.970256327443 26.98239801158 27.322621833915 27.970256327443 28.322621833915 28.970256327443 29.322621833915 29.970256327443 30.322621833915 30.970256327443 31.322621833915 31.970256327443 32.322621833915 32.970256327443 33.322621833915 33.368291295687 33.970256327443 34.322621833915 34.970256327443 35.322621833915 35.970256327443 36.322621833915 36.970256327443 37.322621833915 37.970256327443 38.322621833915 38.970256327443 39.322621833915 39.342671079391 39.457324932239 39.970256327443 40.322621833915 40.657218705521 40.697598961813 40.77755155993 40.970256327443 41.322621833915 41.943308337664 41.970256327443 42.322621833915 42.834147261504 42.970256327443 43.322621833915 43.970256327443 44.145439830231 44.322621833915 44.970256327443 45.322621833915 45.970256327443 46.322621833915 46.970256327443 47.322621833915 47.970256327443 48.322621833915 48.970256327443 49.153263396401 49.322621833915 49.803944227459 49.822745728787 49.970256327443 50.322621833915 50.970256327443 51.322621833915 51.970256327443 52.024437548969 52.322621833915 52.970256327443 53.322621833915 53.970256327443 54.322621833915 54.970256327443 55.322621833915 55.707002491943 55.970256327443 56.322621833915 56.970256327443 57.322621833915 57.970256327443 58.322621833915 58.970256327443 59.322621833915 59.970256327443 60.322621833915 60.970256327443 61.322621833915 61.970256327443 62.257288847373 62.322621833915 62.970256327443 63.322621833915 63.970256327443 64.322621833915 64.970256327443 65.170925964501 65.322621833915 65.922403649315 65.970256327443 66.322621833915 66.970256327443 67.322621833915 67.970256327443 68.322621833915 68.970256327443 69.322621833915 69.970256327443 70.322621833915 70.970256327443 71.322621833915 71.970256327443 72.322621833915 72.651144555417 72.970256327443 73.322621833915 73.970256327443 74.322621833915 74.575894666959 74.970256327443 75.322621833915 75.970256327443 76.263671612141 76.322621833915 76.970256327443 77.322621833915 77.970256327443 78.322621833915 78.37537082946 78.970256327443 78.978502655907 79.322621833915 79.970256327443 80.322621833915 80.518656375 80.970256327443 81.322621833915 81.706803371648 81.970256327443 82.322621833915 82.970256327443 83.322621833915 83.970256327443 84.322621833915 84.970256327443 85.322621833915 85.970256327443 86.322621833915 86.745367631815 86.970256327443 87.322621833915 87.970256327443 88.322621833915 88.970256327443 89.322621833915 89.970256327443 90.322621833915 90.749340622867 90.970256327443 91.322621833915 91.970256327443 92.322621833915 92.970256327443 93.310009030492 93.322621833915 93.970256327443 94.20251467153 94.322621833915 94.970256327443 95.322621833915 95.970256327443 96.322621833915 96.970256327443 97.322621833915 97.970256327443 98.322621833915 98.970256327443 99.322621833915 99.970256327443 99.971738175735 100.322621833915 100.970256327443 101.322621833915 101.787666230384 101.970256327443 102.322621833915 102.970256327443 103.174065769459 103.322621833915 103.717401910144 103.970256327443 104.322621833915 104.970256327443 105.322621833915 105.970256327443 106.322621833915 106.970256327443 107.322621833915 107.970256327443 108.322621833915 108.970256327443 109.322621833915 109.970256327443 110.322621833915 110.970256327443 111.322621833915 111.970256327443 112.322621833915 112.970256327443 113.322621833915 113.475667686131 113.970256327443 114.322621833915 114.970256327443 115.322621833915 115.970256327443 116.322621833915 116.970256327443 117.322621833915 117.733007875194 117.970256327443 118.322621833915 118.942170311864 118.970256327443 119.322621833915 119.970256327443 120.322621833915 120.970256327443 121.322621833915 121.450576852046 121.745768917828 121.970256327443 122.322621833915 122.970256327443 123.322621833915 123.970256327443 124.322621833915 124.586535828998 124.970256327443 125.322621833915 125.371681885373 125.970256327443 126.322621833915 126.970256327443 127.322621833915 127.970256327443 128.322621833915 128.927968559041 128.970256327443 129.322621833915 129.970256327443 130.322621833915 130.970256327443 131.254195125892 131.322621833915 131.840098042865 131.970256327443 132.322621833915 132.592956745908 132.970256327443 133.322621833915 133.970256327443 134.053412076386 134.322621833915 134.518462113156 134.970256327443 135.322621833915 135.970256327443 136.322621833915 136.970256327443 137.140406849477 137.322621833915 137.390472029324 137.970256327443 138.322621833915 138.970256327443 139.322621833915 139.63739302842 139.970256327443 140.322621833915 140.970256327443 141.304149509712 141.322621833915 141.970256327443 142.322621833915 142.970256327443 143.322621833915 143.86499821767 143.970256327443 144.039215384187 144.322621833915 144.970256327443 145.322621833915 145.970256327443 146.322621833915 146.805848316489 146.970256327443 147.322621833915 147.970256327443 148.322621833915 148.970256327443 149.067685274866 149.322621833915 149.729505037218 149.970256327443 150.322621833915 150.970256327443 151.322621833915 151.495266127132 151.970256327443 152.322621833915 152.970256327443 153.322621833915 153.970256327443 154.322621833915 154.970256327443 155.322621833915 155.970256327443 156.322621833915 156.970256327443 157.322621833915 157.970256327443 158.322621833915 158.970256327443 159.083313693308 159.322621833915 159.970256327443 160.322621833915 160.970256327443 161.322621833915 161.54907461937 161.575725109027 161.970256327443 162.322621833915 162.970256327443 163.322621833915 163.970256327443 164.322621833915 164.970256327443 165.322621833915 165.970256327443 166.322621833915 166.970256327443 167.322621833915 167.970256327443 168.322621833915 168.895039770557 168.970256327443 169.322621833915 169.920469055816 169.970256327443 170.322621833915 170.970256327443 171.322621833915 171.970256327443 172.322621833915 172.970256327443 173.322621833915 173.884249738034 173.970256327443 174.322621833915 174.970256327443 175.322621833915 175.970256327443 176.322621833915 176.859109246713 176.970256327443 177.322621833915 177.387650174984 177.497464920086 177.970256327443 178.322621833915 178.970256327443 179.322621833915 179.970256327443 180.083760637678 180.322621833915 180.970256327443 181.322621833915 181.970256327443 182.313535481492 182.322621833915 182.970256327443 183.322621833915 183.970256327443 184.322621833915 184.970256327443 185.103273664018 185.322621833915 185.970256327443 186.322621833915 186.44187940799 186.970256327443 187.322621833915 187.970256327443 188.322621833915 188.82087191066 188.970256327443 189.28371385457 189.322621833915 189.970256327443 190.322621833915 190.970256327443 191.322621833915 191.970256327443 192.300144317824 192.322621833915 192.970256327443 193.322621833915 193.970256327443 194.322621833915 194.970256327443 195.322621833915 195.970256327443 196.322621833915 196.752312296708 196.970256327443 197.134904388505 197.322621833915 197.970256327443 198.322621833915 198.970256327443 199.209394576711 199.322621833915 199.557784897459 199.868356068469 199.970256327443","0 1 0 1 0 1 0 1 2 1 0 1 0 1 0 1 0 1 0 1 2 1 2 3 2 1 2 1 2 1 2 3 2 3 2 3 2 3 2 3 4 3 4 3 4 3 4 5 4 5 4 5 4 5 4 5 4 5 4 5 6 5 6 5 6 7 6 7 6 7 6 7 6 7 6 7 6 7 8 7 8 7 8 7 8 7 8 7 8 7 8 9 10 9 10 11 12 13 12 13 14 13 14 15 14 15 14 15 16 15 16 15 16 15 16 15 16 15 16 17 18 19 18 19 18 19 18 19 20 19 20 19 20 19 20 21 20 21 20 21 20 21 20 21 20 21 20 21 20 21 22 21 22 21 22 21 22 23 24 23 24 23 24 23 24 23 24 23 24 23 24 23 24 25 24 25 24 25 26 25 26 25 26 27 26 27 26 27 28 27 28 29 28 29 30 29 30 31 30 31 30 31 30 31 30 31 30 31 32 31 32 31 32 31 32 31 32 33 32 33 32 33 32 33 34 33 34 35 34 35 34 35 34 35 34 35 34 35 34 35 36 35 36 37 36 37 36 37 38 39 38 39 38 39 38 39 38 39 38 39 38 39 38 39 38 39 38 39 38 39 40 39 40 39 40 39 40 39 40 41 40 41 42 41 42 41 42 41 42 43 44 43 44 43 44 43 44 45 44 45 46 45 46 45 46 45 46 47 46 47 46 47 46 47 48 49 48 49 50 49 50 49 50 51 52 51 52 51 52 51 52 53 54 53 54 53 54 55 54 55 54 55 56 55 56 55 56 57 56 57 58 57 58 57 58 59 58 59 58 59 58 59 60 61 60 61 60 61 62 61 62 61 62 61 62 61 62 61 62 61 62 61 62 61 62 63 62 63 62 63 64 65 64 65 64 65 64 65 64 65 64 65 64 65 64 65 66 65 66 67 66 67 66 67 66 67 66 67 68 67 68 67 68 67 68 69 68 69 70 71 70 71 70 71 70 71 72 71 72 71 72 73 72 73 72 73 72 73 74 73 74 75 74 75 74 75 76 75 76 77 76 77 76 77 76 77 78 77 78 77 78 77 78 77 78 79 78 79 80 79 80 79 80 81 82 83 82"
General-0-20220622-00:09:21-27340,vector,Network.node[6].lnk[1],Buffer Size,,,,"0","0"
General-0-20220622-00:09:21-27340,vector,Network.node[7].app,Delay,,,,"0","0"
General-0-20220622-00:09:21-27340,vector,Network.node[7].app,Hops,,,,"0","0"
General-0-20220622-00:09:21-27340,vector,Network.node[7].lnk[0],Buffer Size,,,,"0 0.000356 0.000356 0.003204 0.003204 0.706318278275 0.706318278275 2.797220776968 2.797220776968 3.797220776968 3.797220776968 4.797220776968 4.797220776968 5.153367122348 5.797220776968 5.797220776968 6.797220776968 6.797220776968 7.797220776968 9.063830824799 9.063830824799 10.063830824799 10.063830824799 10.349875294046 11.063830824799 13.577879443831 13.577879443831 15.322521833915 15.322521833915 15.364170682151 16.322521833915 16.364170682151 16.798176417427 17.322521833915 17.364170682151 18.016341263793 18.322521833915 18.364170682151 19.322521833915 19.364170682151 19.939103141925 20.322521833915 20.364170682151 21.322521833915 21.364170682151 22.229381051325 22.322521833915 22.364170682151 23.322521833915 23.364170682151 24.322521833915 24.364170682151 24.427205986427 24.899619398592 25.322521833915 25.364170682151 25.657543327157 26.322521833915 26.364170682151 26.443768441765 27.322521833915 27.364170682151 28.322521833915 28.364170682151 29.322521833915 29.364170682151 30.322521833915 30.364170682151 31.322521833915 31.364170682151 32.322521833915 32.364170682151 33.322521833915 33.364170682151 34.322521833915 34.364170682151 35.322521833915 35.352762134117 35.364170682151 36.322521833915 36.364170682151 37.322521833915 37.364170682151 38.322521833915 38.364170682151 38.992399972686 39.322521833915 39.364170682151 40.322521833915 40.364170682151 40.417567159352 41.322521833915 41.364170682151 42.322521833915 42.364170682151 43.106057703657 43.322521833915 43.364170682151 44.322521833915 44.364170682151 45.322521833915 45.364170682151 45.439804756754 46.322521833915 46.364170682151 47.111999820695 47.322521833915 47.364170682151 48.322521833915 48.364170682151 48.534495695129 49.322521833915 50.250286977277 50.322521833915 50.532948404399 51.322521833915 51.479337087408 52.322521833915 52.479337087408 52.616509712758 53.231545160283 53.322521833915 53.479337087408 54.322521833915 54.479337087408 54.841139959886 55.322521833915 55.470583281595 55.89274294928 56.151276758065 56.322521833915 56.723318703081 56.89274294928 57.322521833915 57.89274294928 58.322521833915 58.440104638739 58.89274294928 58.944944624521 59.322521833915 59.89274294928 60.322521833915 60.89274294928 61.322521833915 61.89274294928 62.322521833915 63.322521833915 63.387958421469 63.825059068293 64.322521833915 64.449403414702 64.825059068293 65.322521833915 65.825059068293 66.322521833915 66.825059068293 67.322521833915 67.825059068293 68.322521833915 68.708402206838 68.825059068293 69.322521833915 69.825059068293 70.23213774943 70.322521833915 70.825059068293 71.322521833915 71.825059068293 72.161044880418 72.322521833915 72.825059068293 73.322521833915 73.825059068293 74.322521833915 74.679131914946 74.825059068293 75.322521833915 75.553187942494 75.62159477921 75.825059068293 76.322521833915 76.825059068293 77.322521833915 77.739613549972 77.825059068293 78.322521833915 78.655959317888 78.825059068293 79.322521833915 79.825059068293 80.322521833915 80.825059068293 81.322521833915 81.825059068293 81.937754473742 82.322521833915 82.825059068293 83.204679709187 83.322521833915 83.825059068293 84.322521833915 84.825059068293 85.322521833915 85.825059068293 86.322521833915 86.825059068293 87.256497343394 87.322521833915 87.825059068293 88.322521833915 88.825059068293 89.322521833915 89.825059068293 90.322521833915 90.549935546048 90.825059068293 91.322521833915 91.639649802337 91.825059068293 92.322521833915 92.825059068293 93.322521833915 93.825059068293 94.322521833915 94.825059068293 95.322521833915 95.825059068293 96.322521833915 96.825059068293 97.322521833915 97.825059068293 98.322521833915 98.825059068293 99.059570986145 99.322521833915 99.825059068293 100.322521833915 100.825059068293 101.322521833915 101.825059068293 102.322521833915 102.825059068293 103.322521833915 103.825059068293 104.322521833915 104.825059068293 104.828659562959 105.322521833915 105.825059068293 106.322521833915 106.825059068293 107.322521833915 107.825059068293 108.322521833915 108.823003497939 108.825059068293 109.322521833915 109.825059068293 109.838733743312 110.322521833915 110.825059068293 111.042091716361 111.322521833915 111.825059068293 112.322521833915 112.825059068293 113.322521833915 113.825059068293 114.322521833915 114.825059068293 115.322521833915 115.825059068293 116.322521833915 117.087583068811 117.322521833915 118.071049077434 118.087583068811 118.322521833915 119.087583068811 119.322521833915 120.087583068811 120.322521833915 120.331760169255 120.820742213341 121.087583068811 121.322521833915 122.087583068811 122.322521833915 122.99655108057 123.087583068811 123.322521833915 123.963827855549 124.322521833915 124.35112654899 125.322521833915 125.738831712516 125.738942416306 126.322521833915 126.426826699968 127.322521833915 127.616571967372 128.322521833915 128.616571967372 129.322521833915 129.616571967372 129.860584898068 130.322521833915 130.346021885412 130.616571967372 131.322521833915 131.616571967372 132.322521833915 133.322521833915 133.931107914915 134.322521833915 134.931107914915 135.322521833915 135.931107914915 136.234982440259 136.322521833915 136.931107914915 137.322521833915 137.931107914915 138.002553752325 138.322521833915 138.650951979298 138.931107914915 138.934236048888 139.322521833915 139.931107914915 140.322521833915 140.931107914915 141.322521833915 141.457861395863 141.931107914915 142.322521833915 142.931107914915 143.322521833915 143.931107914915 144.322521833915 144.356970948718 144.931107914915 145.322521833915 145.931107914915 146.113401106155 146.322521833915 146.804440273572 146.931107914915 147.322521833915 147.355496147649 147.931107914915 148.322521833915 148.931107914915 149.322521833915 149.931107914915 150.322521833915 150.431153576602 150.832037966773 150.931107914915 151.322521833915 151.931107914915 152.268530926989 152.322521833915 152.931107914915 153.322521833915 153.931107914915 154.133754637527 154.322521833915 154.660908863197 154.931107914915 155.322521833915 155.931107914915 156.322521833915 156.931107914915 157.322521833915 157.931107914915 158.322521833915 158.882686411963 158.931107914915 159.322521833915 159.931107914915 160.214371385237 160.322521833915 160.907877992815 160.931107914915 161.322521833915 161.931107914915 162.322521833915 162.931107914915 163.322521833915 163.931107914915 164.322521833915 164.688081389008 164.931107914915 165.322521833915 165.931107914915 166.322521833915 166.931107914915 167.322521833915 167.489432782929 167.783882857555 167.931107914915 168.322521833915 168.901898197537 168.931107914915 169.322521833915 169.931107914915 170.322521833915 170.333988833524 170.931107914915 171.322521833915 171.931107914915 172.018261439199 172.322521833915 172.931107914915 173.322521833915 173.931107914915 174.322521833915 174.931107914915 175.128850159908 175.322521833915 175.931107914915 176.148831827607 176.322521833915 176.931107914915 177.194767134919 177.322521833915 177.479018157704 177.931107914915 178.322521833915 178.931107914915 179.322521833915 179.931107914915 180.322521833915 180.931107914915 181.322521833915 181.931107914915 182.322521833915 182.931107914915 183.322521833915 183.588737715718 183.931107914915 184.322521833915 184.931107914915 185.322521833915 185.931107914915 186.185628986927 186.322521833915 186.931107914915 187.322521833915 187.672795370479 187.931107914915 188.322521833915 188.931107914915 189.322521833915 189.931107914915 190.322521833915 190.931107914915 191.180224660526 191.322521833915 191.57314843232 191.717986652549 191.73745747123 191.931107914915 192.322521833915 192.374625166988 192.931107914915 193.301405222068 193.322521833915 193.931107914915 194.322521833915 194.931107914915 195.322521833915 195.931107914915 196.322521833915 196.931107914915 197.322521833915 197.931107914915 198.322521833915 198.486302439635 198.931107914915 199.322521833915 199.931107914915","0 1 0 1 0 1 0 1 0 1 0 1 0 1 0 1 0 1 0 1 0 1 0 1 0 1 0 1 0 1 0 1 2 1 2 3 2 3 2 3 4 3 4 3 4 5 4 5 4 5 4 5 6 7 6 7 8 7 8 9 8 9 8 9 8 9 8 9 8 9 8 9 8 9 8 9 8 9 10 9 10 9 10 9 10 11 10 11 10 11 12 11 12 11 12 13 12 13 12 13 12 13 14 13 14 15 14 15 14 15 16 15 16 15 16 15 16 15 16 17 18 17 18 17 18 19 18 19 20 21 20 21 22 21 22 21 22 23 24 23 24 23 24 23 24 23 22 23 24 23 24 25 24 25 24 25 24 25 24 25 26 25 26 27 26 27 26 27 28 27 28 27 28 27 28 29 28 29 30 31 30 31 30 31 32 31 32 33 32 33 32 33 32 33 34 33 34 35 34 35 34 35 34 35 34 35 36 35 36 35 36 35 36 35 36 37 36 37 38 37 38 37 38 37 38 37 38 37 38 37 38 37 38 39 38 39 38 39 38 39 38 39 38 39 38 39 40 39 40 39 40 39 40 39 40 41 40 41 42 41 42 43 42 43 42 43 42 43 42 43 42 43 42 43 42 43 44 43 44 43 44 43 44 45 46 45 46 45 46 47 46 47 46 47 46 47 48 47 48 47 48 47 48 47 48 49 48 49 50 49 50 49 48 49 48 49 48 49 50 49 50 49 50 51 50 51 52 53 52 53 52 53 52 53 54 53 54 53 54 53 54 55 54 55 56 55 56 57 56 57 58 57 58 57 58 57 58 59 60 59 60 61 60 61 60 61 62 61 62 63 62 63 62 63 62 63 62 63 64 63 64 65 64 65 66 65 66 65 66 65 66 65 66 67 66 67 66 67 66 67 68 69 68 69 70 69 70 69 70 71 70 71 72 71 72 71 72 71 72 73 72 73 74 73 74 75 74 75 76 75 76 75 76 75 76 75 76 75 76 75 76 77 76 77 76 77 78 77 78 77 78 79 78 79 78 79 78 79 80 79 80 81 82 83 82 83 84 85 84 85 84 85 84 85 84 85 84 85 84 85 86 85 86"
General-0-20220622-00:09:21-27340,vector,Network.node[7].lnk[1],Buffer Size,,,,"0","0"
